dataset,filename,setting,seed,T,config_id,AP,PR-AUC,ROC-AUC,n_train,n_test,batch_size,total_seconds,final_predict_seconds,status,error
campaign,5_campaign.npz,unsupervised,111,50,977b07aebc289e00d099bc5f7d7ad6faa686ec9a64afdf04ef89d8bdcfc71545,0.30297726963172,0.3027661907308115,0.7607246215888035,41188,41188,4096,278.6872899000009,16.272635699999228,SUCCESS,
campaign,5_campaign.npz,unsupervised,111,100,cd64c86141096dcfbdb8114e3050d08d5fbb5dedfe8d14e553f0b05b525f692f,0.3150335662513039,0.3148304051231217,0.7873547316613391,41188,41188,4096,422.8710660999932,36.130924299999606,SUCCESS,
campaign,5_campaign.npz,unsupervised,222,50,773469cc68194f9d38fe26a9c36f10d0401986761ffdb9aba79259d023d1718a,0.32751364662219895,0.32729991788340296,0.7841670130069857,41188,41188,4096,274.7557682999977,15.730143599997973,SUCCESS,
campaign,5_campaign.npz,unsupervised,222,100,708a0b5e021ccc419a145f894664c68137aff3602e8b0d7fdadd953a5fc0326d,0.31939838712157703,0.3191809950896929,0.7851870963032083,41188,41188,4096,454.4994454999978,29.75333679999312,SUCCESS,
campaign,5_campaign.npz,unsupervised,333,50,4f3a72eeb1c5d891f977f30aca86fe24a77b2876ef1db32a75c629817541fc87,0.3227526180574814,0.3225365114580808,0.7774898645333677,41188,41188,4096,227.66546420000668,13.197451899999578,SUCCESS,
campaign,5_campaign.npz,unsupervised,333,100,4f9b2b76924f7e596ccf60bab36fbe47aee8423a8d5a17d0b20cbac8d082ed38,0.32875705802036687,0.32856934947743355,0.7908361801249562,41188,41188,4096,403.8673889999991,27.16283249999833,SUCCESS,
campaign,5_campaign.npz,unsupervised,444,50,cf26d8f6d3a9c70a3eb10be070a501b079a1868f321035ab25b3616d898d3598,0.3238816786261444,0.32366288902781987,0.7708713806453865,41188,41188,4096,232.18305749999854,14.572513400002208,SUCCESS,
campaign,5_campaign.npz,unsupervised,444,100,5ba16460095f4d73b1175c761c717d635b85afe414070143c2441df25d187541,0.3135918253811891,0.31337839920983857,0.7788531372771942,41188,41188,4096,424.2865765999959,33.40502980000019,SUCCESS,
campaign,5_campaign.npz,unsupervised,555,50,11dda24a7ebaf3a9be85bfe2e1da92079b00bbb762cb16db0009cee7e03ffa04,0.31960586387514206,0.3193837290088947,0.7664812252097384,41188,41188,4096,226.26803199999995,12.981456699999399,SUCCESS,
campaign,5_campaign.npz,unsupervised,555,100,67ef9cdffabb16cb76c9bbe9702f95b0d40e5362c3124a0b1cfd080028f380fd,0.321643657159869,0.32142920877400155,0.7826853585082254,41188,41188,4096,376.5627017000006,27.082128199996077,SUCCESS,
campaign,5_campaign.npz,semi-supervised,111,50,ac605115913d3a917710947bedc3d46556db788e0279d1f637015d1f48f0274f,0.5086488358542954,0.5083824091932773,0.7818715491767085,18274,22914,4096,88.63474660000065,4.927654099999927,SUCCESS,
campaign,5_campaign.npz,semi-supervised,111,100,c73998bb087dd2fd029b4e4678a298e253ea8203b1eca3be306b98b0bf172a40,0.509538821853191,0.5092715265192995,0.7912732264230696,18274,22914,4096,165.41200319999916,13.069651499994507,SUCCESS,
campaign,5_campaign.npz,semi-supervised,222,50,fbeaf2c4ae59141a7f2121eb6c736d5fc47ecd552f158222fcb3ac8c06cdb091,0.5085602065267204,0.5083183344750145,0.7871151966426768,18274,22914,4096,99.09814339999866,6.913062300001911,SUCCESS,
campaign,5_campaign.npz,semi-supervised,222,100,961518274348d5a8b0b33a1f511a2ba6026d37d320544fffb687be89ca268ea1,0.4938662623560004,0.4936015732680316,0.7835925028210422,18274,22914,4096,186.1499976999985,14.3480780999962,SUCCESS,
campaign,5_campaign.npz,semi-supervised,333,50,2e0d6326eebc569ca428c25977dcf341250ecccf59471b2ac9c9b8c9d824165a,0.510209779561923,0.5099646232564204,0.7884841686700155,18274,22914,4096,131.32182090000424,7.82888030000322,SUCCESS,
campaign,5_campaign.npz,semi-supervised,333,100,91bf784c8d5b138eee56a73b09442dc65dbe272c6e5f7743764906a257d918ac,0.5013408598629863,0.5010939532543857,0.7872779254867477,18274,22914,4096,208.83643219999794,14.746545000001788,SUCCESS,
campaign,5_campaign.npz,semi-supervised,444,50,5d583d2b5749b552a2298da6e23a3bcf428c3725c0797dfa92c5b763fdd3947b,0.5039344125321238,0.5036702395679536,0.7827311532684462,18274,22914,4096,139.43291860000318,8.38719989999663,SUCCESS,
campaign,5_campaign.npz,semi-supervised,444,100,70fc1d55c9e5630357a087e24e05f94462155aa4af982f8697eda31f791ccd07,0.4971083460032185,0.49685808344043264,0.7818782066946444,18274,22914,4096,209.50068880000617,15.045255900004122,SUCCESS,
campaign,5_campaign.npz,semi-supervised,555,50,96cd158f67db393bdb694cb0c5e2551b7fcd67e7bc01bd2f3c0777b5ff469e48,0.5012584922372553,0.5009917658212355,0.7814204713782158,18274,22914,4096,128.228669600001,7.5381247000041185,SUCCESS,
campaign,5_campaign.npz,semi-supervised,555,100,eb04f88a448d3c85e930c2f86da03e42531a73468c429f5fa5ad9ce505631581,0.4957701643825512,0.49550232938734007,0.7881403718492074,18274,22914,4096,185.74140989999432,14.146433300003991,SUCCESS,
annthyroid,2_annthyroid.npz,unsupervised,111,50,e925fda62cc30c5edbcd10018e246bf4154ac010e234b587e15bef329303fab1,0.20850820644094714,0.20714732416224987,0.7712024011389902,7200,7200,512,34.67732210000395,1.6395153000048595,SUCCESS,
annthyroid,2_annthyroid.npz,unsupervised,111,100,345f538c0aba5b5421d6211637a24bfd5859c258dae8c2280cd1c1cf85b9fbb5,0.22129787194070083,0.22008505676902293,0.7400692316422655,7200,7200,512,59.96136210000259,3.494428900005005,SUCCESS,
annthyroid,2_annthyroid.npz,unsupervised,222,50,16049576e3b1a189a3c3f81981fbf7c17bb8a4801babfe508b0e017e59769c6e,0.3091713575747949,0.30835731592673443,0.7991018202943889,7200,7200,512,35.2529693999968,1.649587400002929,SUCCESS,
annthyroid,2_annthyroid.npz,unsupervised,222,100,d1237aed8a796ee961a434475fb9f85f8d4a44c34c16ed5cfb57d09062208f18,0.20115955064086066,0.1999240776130537,0.7294701380250384,7200,7200,512,57.43930559999717,3.4886932999943383,SUCCESS,
annthyroid,2_annthyroid.npz,unsupervised,333,50,16dbb4be1ffed107ae5c577d557334d8c9a1c61411ffd7ed347f165e871e9f02,0.24229848652385982,0.24078918530029664,0.7822057486647541,7200,7200,512,36.4054787999994,1.3957578000045032,SUCCESS,
annthyroid,2_annthyroid.npz,unsupervised,333,100,e6bd803f816b1fcfb1db472c245ea12ea895a2d505643d6d17bf2f2cf075c736,0.23155207691848123,0.22978580176361352,0.7572168733727306,7200,7200,512,51.56539530000009,2.809234899999865,SUCCESS,
annthyroid,2_annthyroid.npz,unsupervised,444,50,f2d43d9391735e3470fcb1ede9706e30df9d750fbe8552038cbc3a52921ad8a5,0.2522111792728493,0.25048544459451677,0.7902495305710346,7200,7200,512,31.692187900000135,1.3017364999977872,SUCCESS,
annthyroid,2_annthyroid.npz,unsupervised,444,100,07e8ca9ade6b2434f4e08164a4dfaf0bafea0bbac663a726fc0652ad42070a27,0.1840197260247996,0.18282941930087396,0.7277918803116267,7200,7200,512,49.02232920000097,3.2635066000002553,SUCCESS,
annthyroid,2_annthyroid.npz,unsupervised,555,50,9e17194db2c1f70533860f153819d6c1a705caf5ce900596540a1791c2a6dc59,0.23054599480594515,0.22896886444232925,0.7785449893303936,7200,7200,512,34.62665480000578,1.4897452000004705,SUCCESS,
annthyroid,2_annthyroid.npz,unsupervised,555,100,4c6afe52761c9e89056e9ea4a9fa1f3d711cc61c796fbff1ca66c342ea2f3370,0.20414020861217322,0.2028942280077604,0.7418383692301814,7200,7200,512,60.39987320000364,4.007404099997075,SUCCESS,
annthyroid,2_annthyroid.npz,semi-supervised,111,50,4063d1043fceba88c3d7ccd35b86d6d11f777b907d7138adbc67fc7a482faa7c,0.5617641346528237,0.5612264749878947,0.8385557656889284,3333,3867,512,19.982737699996505,0.7397744999980205,SUCCESS,
annthyroid,2_annthyroid.npz,semi-supervised,111,100,3cf377ff89fa68d955e1c242e83cd4ed78504af6e3267b46c58297150e39d460,0.5174607154280348,0.5170629486083105,0.7831311221009742,3333,3867,512,31.408764800005883,1.8881074000018998,SUCCESS,
annthyroid,2_annthyroid.npz,semi-supervised,222,50,9fae70e0afe9d1b7891ce9805db869ec2db76d6c75733d7fa9f97953a905b7b8,0.5668453880526008,0.566255602516246,0.8433719776472028,3333,3867,512,18.213123699999414,0.7435284000021056,SUCCESS,
annthyroid,2_annthyroid.npz,semi-supervised,222,100,5a34aa43149a7c4b89e17f264e54104ca78fab5130074377e82b9ee15e16f449,0.49629818548495325,0.49572960073028954,0.7893320230899495,3333,3867,512,26.249990600001183,1.547159299996565,SUCCESS,
annthyroid,2_annthyroid.npz,semi-supervised,333,50,e04e970091eb1b6d7be74bd85c3eb6cfebaae86d603f609d17b9691fefcc7bf2,0.5602961273544556,0.5597692189305136,0.845585682163722,3333,3867,512,16.308460299995204,0.6919521000017994,SUCCESS,
annthyroid,2_annthyroid.npz,semi-supervised,333,100,0ded889490386a1db7194854da58c0f90c425d8de707c317a26506095ebe7c73,0.47941494179039623,0.4783652324436856,0.7800855928289459,3333,3867,512,30.34959639999579,1.484155300000566,SUCCESS,
annthyroid,2_annthyroid.npz,semi-supervised,444,50,463dd415b1e109d193e6467b979b7fe5397b735023f6b51619fafc4642352ab2,0.5516170759665752,0.5508679848019349,0.8431438649482925,3333,3867,512,20.067563100004918,0.7021676000003936,SUCCESS,
annthyroid,2_annthyroid.npz,semi-supervised,444,100,cf79070f7e4021935141dc6e821052b9449178ef840545cddcf96d9200d9f9ec,0.4923171174577228,0.4915117029624534,0.7817197450082087,3333,3867,512,24.9622245999999,1.5152641000022413,SUCCESS,
annthyroid,2_annthyroid.npz,semi-supervised,555,50,9deeb49d952944bda64088c427f90b5168c2ec78c9f0c61dd0c41d0d0987f214,0.5697475464325864,0.5686456567809978,0.85433992837486,3333,3867,512,16.56311519999872,0.72206290000031,SUCCESS,
annthyroid,2_annthyroid.npz,semi-supervised,555,100,1e04a62b6df0c96ddb04c2b5eb9d02ea3cfc6de69c66a8905e504cfe92e525a7,0.4777444233067967,0.4768660468441114,0.7886204350772157,3333,3867,512,25.585462499999267,1.5601697000020067,SUCCESS,
satimage-2,31_satimage-2.npz,unsupervised,111,50,4861719ca79c0551b0790bdf88d1d248a746f521d1076132d726aacf114152b7,0.11027061726223415,0.10637468416312476,0.9329953903462646,5803,5803,512,37.546281399998406,2.0039667999953963,SUCCESS,
satimage-2,31_satimage-2.npz,unsupervised,111,100,a5a53435208297f47f89703c351a377e0d5556a4877e7d6facb1a7bcece94c1b,0.15574299691405882,0.1490979296889271,0.9381775650413297,5803,5803,512,59.35315770000307,4.19367140000395,SUCCESS,
satimage-2,31_satimage-2.npz,unsupervised,222,50,5dba1cd5253030dbe3e10ec51be48a8979395a914d0032dc414f66bdfb9c37eb,0.1331818251592474,0.12656127065372974,0.9302458154369342,5803,5803,512,36.660376800005906,1.915112599999702,SUCCESS,
satimage-2,31_satimage-2.npz,unsupervised,222,100,93beff881052f36e1e5cdc223960e46450eafa62b79dfd78dedeac14d508be64,0.17864964008238354,0.17120160549229518,0.9457014241766017,5803,5803,512,54.71920750000572,3.616799399998854,SUCCESS,
satimage-2,31_satimage-2.npz,unsupervised,333,50,b5ae851da49f6a4a3456a734f2a5ae6329a6d5c1af7c67483461eca37f3ce15a,0.15645501155308678,0.1516953818595885,0.951516320533108,5803,5803,512,36.799102299999504,1.908890300001076,SUCCESS,
satimage-2,31_satimage-2.npz,unsupervised,333,100,c2ebdb6de6b8d13987c8788b3d26048f0322c3759fd51f177423966ac617956e,0.23629413329891077,0.23007554928170973,0.9634176306969522,5803,5803,512,56.35263230000419,3.6703297999993083,SUCCESS,
satimage-2,31_satimage-2.npz,unsupervised,444,50,37e78e0531797feedf491056a93083e0f295e116a8e96f6743b3a9bdceaf0fc5,0.13128504739441882,0.12612279482232583,0.9331501921508114,5803,5803,512,37.06441140000243,1.9887777000039932,SUCCESS,
satimage-2,31_satimage-2.npz,unsupervised,444,100,aff486a1b930b5d36294bbdee3bcf75c08e04c2875c54e3577ef163c895f9d6b,0.1318135189734316,0.12723913517374977,0.9154659288599708,5803,5803,512,60.4391781000013,4.006422600003134,SUCCESS,
satimage-2,31_satimage-2.npz,unsupervised,555,50,2e82edc98478afbe6160f4c67f5aa553d440a80a3452f4e725f8154820d820ad,0.18160498550122892,0.17272581851713195,0.9517890665696903,5803,5803,512,36.4938420000035,1.988886500002991,SUCCESS,
satimage-2,31_satimage-2.npz,unsupervised,555,100,184967ded7da29b3d0b78567972ee709a62321c414e22ee987ff3b34f7608a84,0.13503710137547253,0.12652282898420558,0.902307775473497,5803,5803,512,63.88376819999394,3.621376600000076,SUCCESS,
satimage-2,31_satimage-2.npz,semi-supervised,111,50,d940cafe44c6188009aba926086324ef7b3bd085608090625fceac22a967627f,0.9627652857235292,0.9625680012044829,0.9983487807515014,2866,2937,512,14.85696000000462,0.6231851000047754,SUCCESS,
satimage-2,31_satimage-2.npz,semi-supervised,111,100,4983d25229ee5ac914d6c06f5d3656c174c6da5d6ccb654d0abdf8ca0d8b2530,0.9754903500304504,0.9753818614814512,0.9988156433366423,2866,2937,512,22.850638399999298,1.3546327999938512,SUCCESS,
satimage-2,31_satimage-2.npz,semi-supervised,222,50,4e763a3fad356ff949f5aabbb3b39146737c4fcf0b87c681b985edc8780cd471,0.9581788819434921,0.9579737689836906,0.9974199699242209,2866,2937,512,15.309687699998904,0.6389710000003106,SUCCESS,
satimage-2,31_satimage-2.npz,semi-supervised,222,100,40e31be333dc5642284b639c2d24be0d27b01c7bbb922a3026887a1a9849bcd3,0.9801939807071631,0.9801090488228937,0.9988500437376527,2866,2937,512,22.883348199997272,1.3362066999980016,SUCCESS,
satimage-2,31_satimage-2.npz,semi-supervised,333,50,29871887c687345b1e96aefba93fdc8951e3e7c16b078c487c8933b8e6b0f933,0.9630688426413324,0.9628914338339077,0.9977197448473114,2866,2937,512,15.217184300003282,0.6646740000069258,SUCCESS,
satimage-2,31_satimage-2.npz,semi-supervised,333,100,9121f7b7c367c5a8bae61682404ee394239f4bb008afe8f388ac11c6221240f9,0.9763118663008294,0.9762034790468724,0.9987517568776231,2866,2937,512,22.876079800000298,1.2341052999981912,SUCCESS,
satimage-2,31_satimage-2.npz,semi-supervised,444,50,3b013c71ba4aa1103ad046c819d81d9dcdeb5bbac1463db75de4a88fa3fe72cc,0.9413407936903001,0.9409373196275811,0.9971693384311451,2866,2937,512,15.344492899996112,0.6165624999994179,SUCCESS,
satimage-2,31_satimage-2.npz,semi-supervised,444,100,cba5a7577baa74c05edd0786e2c31b31562c770b987dc172a4b993dec4475cf3,0.9408976252866029,0.9403797806036873,0.9983192946934925,2866,2937,512,22.654585999996925,1.3027180999997654,SUCCESS,
satimage-2,31_satimage-2.npz,semi-supervised,555,50,41be2cdbca85f6d3e551fcd77ae08075b216b467152ee24cef76b7bf4d251656,0.9332313855655789,0.9328441469331973,0.9973511691222001,2866,2937,512,15.718802300005336,0.7348359000025084,SUCCESS,
satimage-2,31_satimage-2.npz,semi-supervised,555,100,066f43909fe15ec5abf60f9156e27090e1ea2576b4ea9ae6495a9b7b010ee203,0.9724605819676616,0.9723126400998527,0.9989385019116794,2866,2937,512,24.05573269999877,1.412404599999718,SUCCESS,
